{
    "accuracy": 0.9872611464968153,
    "precision_macro": 0.9878210580940611,
    "recall_macro": 0.9862853271389856,
    "f1_macro": 0.9868247277998029
}