{
    "best_model": "RandomForest",
    "model_path": "artifacts/models/obesity_model.pkl",
    "validation_results": {
        "RandomForest": {
            "accuracy": 0.9744408945686901,
            "precision_macro": 0.9760859322083811,
            "recall_macro": 0.9730442176870747,
            "f1_macro": 0.973134968600751
        },
        "DecisionTree": {
            "accuracy": 0.9584664536741214,
            "precision_macro": 0.9576449826449827,
            "recall_macro": 0.9562747191900015,
            "f1_macro": 0.9559920933837482
        }
    }
}